<project xmlns="http://maven.apache.org/POM/4.0.0" xmlns:xsi="http://www.w3.org/2001/XMLSchema-instance"
         xsi:schemaLocation="http://maven.apache.org/POM/4.0.0 http://maven.apache.org/maven-v4_0_0.xsd">
    <modelVersion>4.0.0</modelVersion>
    <groupId>Assignment1</groupId>
    <artifactId>Assignment1</artifactId>
    <packaging>jar</packaging>
    <version>1.0-SNAPSHOT</version>
    <name>Assignment1</name>
    <url>http://maven.apache.org</url>

    <dependencies>
    <dependency>
            <groupId>org.slf4j</groupId>
            <artifactId>slf4j-api</artifactId>
            <version>2.0.4</version>
        </dependency>
        <dependency>
            <groupId>org.slf4j</groupId>
            <artifactId>slf4j-simple</artifactId>
            <version>2.0.4</version>
        </dependency>
        <dependency>
            <groupId>software.amazon.awssdk</groupId>
            <artifactId>aws-sdk-java</artifactId>
            <version>2.28.18</version>
        </dependency>
        <dependency>
            <groupId>software.amazon.awssdk</groupId>
            <artifactId>ec2</artifactId>
            <version>2.28.18</version>
        </dependency>
        <dependency>
            <groupId>software.amazon.awssdk</groupId>
            <artifactId>s3</artifactId>
            <version>2.28.18</version>
        </dependency>
        <dependency>
            <groupId>software.amazon.awssdk</groupId>
            <artifactId>sqs</artifactId>
            <version>2.28.18</version>
        </dependency>
        <dependency>
            <groupId>org.apache.pdfbox</groupId>
            <artifactId>pdfbox</artifactId>
            <version>2.0.19</version>
        </dependency>
    </dependencies>

    <build>
        <plugins>
            <plugin>
                <groupId>org.apache.maven.plugins</groupId>
                <artifactId>maven-compiler-plugin</artifactId>
                <version>3.8.1</version> <!-- Ensure this is at least 3.8.1 -->
                <configuration>
                    <source>8</source> <!-- Or your desired Java version -->
                    <target>8</target>
                </configuration>
            </plugin>
            <!-- Maven Jar Plugin -->
            <plugin>
                <groupId>org.apache.maven.plugins</groupId>
                <artifactId>maven-jar-plugin</artifactId>
                <version>3.2.2</version>
                <configuration>
                    <archive>
                        <manifest>
                            <mainClass>Assignment1.Worker</mainClass>
                        </manifest>
                    </archive>
                </configuration>
            </plugin>

            <!-- Maven Shade Plugin for Fat JAR -->
            <plugin>
                <groupId>org.apache.maven.plugins</groupId>
                <artifactId>maven-shade-plugin</artifactId>
                <version>3.2.4</version>
                <executions>
                    <execution>
                        <phase>package</phase>
                        <goals>
                            <goal>shade</goal>
                        </goals>
                        <configuration>
                            <createDependencyReducedPom>false</createDependencyReducedPom>
                            <transformers>
                                <transformer implementation="org.apache.maven.plugins.shade.resource.ManifestResourceTransformer">
                                    <mainClass>Assignment1.Worker</mainClass>
                                </transformer>
                            </transformers>
                        </configuration>
                    </execution>
                </executions>
            </plugin>
        </plugins>
    </build>
</project>
